"","outcome","continuouspredictor","phylogeny","estimate lower","estimate upper","association_present"
"1","perc_won","sexratio","No",0.43826275,0.535833165,"confident"
"2","perc_won","sexratio","Yes",0.34537681,0.64582315,"confident"
"3","strict three way","sexratio","No",0.47665243,1.07419105,"confident"
"4","strict three way","sexratio","Yes",0.66222617,1.36471745,"confident"
"5","strict female dominance","sexratio","No",-0.563904385,0.39927137,"not"
"6","strict female dominance","sexratio","Yes",-0.849964745,0.587645795,"not"
"7","strict male dominance","sexratio","No",-1.07578475,-0.508366635,"confident"
"8","strict male dominance","sexratio","Yes",-1.58467015,-0.760635535,"confident"
"9","perc_won","SexualDimorphism_MaleWeight_over_FemaleWeight","No",-0.37438944,-0.270108305,"confident"
"10","perc_won","SexualDimorphism_MaleWeight_over_FemaleWeight","Yes",-2.26425385,-1.45249895,"confident"
"11","strict three way","SexualDimorphism_MaleWeight_over_FemaleWeight","No",-0.716860775,-0.215710915,"confident"
"12","strict three way","SexualDimorphism_MaleWeight_over_FemaleWeight","Yes",-0.874284335,-0.27045469,"confident"
"13","strict female dominance","SexualDimorphism_MaleWeight_over_FemaleWeight","No",-0.674070235,0.289692635,"not"
"14","strict female dominance","SexualDimorphism_MaleWeight_over_FemaleWeight","Yes",-1.08882235,0.25318171,"not"
"15","strict male dominance","SexualDimorphism_MaleWeight_over_FemaleWeight","No",0.1958721,0.715047515,"confident"
"16","strict male dominance","SexualDimorphism_MaleWeight_over_FemaleWeight","Yes",0.258564575,0.81112,"confident"
"17","perc_won","CanineDimorphism","No",-1.15426125,-0.988066125,"confident"
"18","perc_won","CanineDimorphism","Yes",-1.64082495,-0.834393535,"confident"
"19","strict three way","CanineDimorphism","No",-1.41400935,-0.654772865,"confident"
"20","strict three way","CanineDimorphism","Yes",-1.63035935,-0.68096475,"confident"
"21","strict female dominance","CanineDimorphism","No",-0.714941265,0.29894162,"not"
"22","strict female dominance","CanineDimorphism","Yes",-1.35482165,0.137995135,"not"
"23","strict male dominance","CanineDimorphism","No",0.63910581,1.38563515,"confident"
"24","strict male dominance","CanineDimorphism","Yes",0.856303425,1.93754915,"confident"
"25","perc_won","female_average_relatedness","No",-0.125381135,0.029632185,"not"
"26","perc_won","female_average_relatedness","Yes",0.0718737735,1.00198455,"confident"
"27","strict three way","female_average_relatedness","No",-0.34703752,0.74011862,"not"
"28","strict three way","female_average_relatedness","Yes",-0.164627125,1.12940815,"not"
"29","strict female dominance","female_average_relatedness","No",-0.66612031,0.62213205,"not"
"30","strict female dominance","female_average_relatedness","Yes",-1.19808735,1.0201911,"not"
"31","strict male dominance","female_average_relatedness","No",-0.589991205,0.30347665,"not"
"32","strict male dominance","female_average_relatedness","Yes",-1.0813019,0.209087985,"not"
"33","perc_won","Synchrony","No",-1.0040585,-0.780434115,"confident"
"34","perc_won","Synchrony","Yes",-2.635743,-1.65300215,"confident"
"35","strict three way","Synchrony","No",-0.48540305,0.21237794,"not"
"36","strict three way","Synchrony","Yes",-0.716553005,0.267421485,"not"
"37","strict female dominance","Synchrony","No",-0.0256833745,0.98093892,"not"
"38","strict female dominance","Synchrony","Yes",-0.10791119,1.47052675,"not"
"39","strict male dominance","Synchrony","No",-0.11629416,0.544548895,"not"
"40","strict male dominance","Synchrony","Yes",-0.16225501,0.811206705,"not"
"41","perc_won","r_seasonality_value","No",0.088409457,0.241027055,"confident"
"42","perc_won","r_seasonality_value","Yes",0.040039073,1.16951715,"confident"
"43","strict three way","r_seasonality_value","No",-0.1147986,0.709890165,"not"
"44","strict three way","r_seasonality_value","Yes",-0.00147496710000001,1.2008471,"not"
"45","strict female dominance","r_seasonality_value","No",-0.594510765,0.6050905,"not"
"46","strict female dominance","r_seasonality_value","Yes",-1.08347095,1.1799923,"not"
"47","strict male dominance","r_seasonality_value","No",-0.618266715,0.13032465,"not"
"48","strict male dominance","r_seasonality_value","Yes",-1.1842371,-0.0345315305,"confident"
"49","perc_won","M_skew_index","No",-0.28174526,-0.13731355,"confident"
"50","perc_won","M_skew_index","Yes",-0.37420197,0.540236665,"not"
"51","strict three way","M_skew_index","No",-0.751614875,0.1114631,"not"
"52","strict three way","M_skew_index","Yes",-0.734083485,0.16507394,"not"
"53","strict female dominance","M_skew_index","No",-0.456185155,0.68163566,"not"
"54","strict female dominance","M_skew_index","Yes",-0.709650995,1.14796995,"not"
"55","strict male dominance","M_skew_index","No",-0.113917645,0.71724063,"not"
"56","strict male dominance","M_skew_index","Yes",-0.0983087465,0.944093595,"not"
"57","perc_won","env_harshness","No",-0.34523115,-0.22419027,"confident"
"58","perc_won","env_harshness","Yes",0.093539295,0.871721665,"confident"
"59","strict three way","env_harshness","No",-0.751700145,-0.084066654,"confident"
"60","strict three way","env_harshness","Yes",-0.709811355,0.0320313745,"not"
"61","strict female dominance","env_harshness","No",-0.78997734,0.34765002,"not"
"62","strict female dominance","env_harshness","Yes",-1.3145419,0.41534352,"not"
"63","strict male dominance","env_harshness","No",0.0832905285,0.67698632,"confident"
"64","strict male dominance","env_harshness","Yes",-0.0805392865,0.73189567,"not"
"65","perc_won","rainfall_unpredictability","No",-0.0316884605,0.0766521115,"not"
"66","perc_won","rainfall_unpredictability","Yes",0.030680339,1.10975165,"confident"
"67","strict three way","rainfall_unpredictability","No",-0.527455115,0.0924129285,"not"
"68","strict three way","rainfall_unpredictability","Yes",-0.47658411,0.255986985,"not"
"69","strict female dominance","rainfall_unpredictability","No",-0.62108863,0.43145618,"not"
"70","strict female dominance","rainfall_unpredictability","Yes",-1.0665409,0.57227801,"not"
"71","strict male dominance","rainfall_unpredictability","No",-0.102811225,0.499660825,"not"
"72","strict male dominance","rainfall_unpredictability","Yes",-0.266454305,0.48754242,"not"
"73","perc_won","rainfall_annualvariation","No",-0.25670082,-0.14862882,"confident"
"74","perc_won","rainfall_annualvariation","Yes",-0.72327474,-0.0372956775,"confident"
"75","strict three way","rainfall_annualvariation","No",-0.125126055,0.52567698,"not"
"76","strict three way","rainfall_annualvariation","Yes",-0.45326651,0.393983605,"not"
"77","strict female dominance","rainfall_annualvariation","No",-0.43960013,0.702771645,"not"
"78","strict female dominance","rainfall_annualvariation","Yes",-0.55395916,1.17382355,"not"
"79","strict male dominance","rainfall_annualvariation","No",-0.481060005,0.14945345,"not"
"80","strict male dominance","rainfall_annualvariation","Yes",-0.37142083,0.53428023,"not"
"81","perc_won","NDVI_Seasonality","No",-0.31025954,-0.20869417,"confident"
"82","perc_won","NDVI_Seasonality","Yes",-0.517115235,0.21534434,"not"
"83","strict three way","NDVI_Seasonality","No",-0.204724645,0.390780775,"not"
"84","strict three way","NDVI_Seasonality","Yes",-0.371618375,0.361776405,"not"
"85","strict female dominance","NDVI_Seasonality","No",-0.105732965,0.964357895,"not"
"86","strict female dominance","NDVI_Seasonality","Yes",0.0576362735,1.75296235,"confident"
"87","strict male dominance","NDVI_Seasonality","No",-0.29440847,0.25675667,"not"
"88","strict male dominance","NDVI_Seasonality","Yes",-0.28177056,0.46824798,"not"
"89","perc_won","female_canine_height","No",-0.435874585,-0.296561345,"confident"
"90","perc_won","female_canine_height","Yes",-1.1812109,-0.249412505,"confident"
"91","strict three way","female_canine_height","No",-0.900768495,-0.26849989,"confident"
"92","strict three way","female_canine_height","Yes",-1.0424907,-0.314802315,"confident"
"93","strict female dominance","female_canine_height","No",-1.1631616,-0.16688618,"confident"
"94","strict female dominance","female_canine_height","Yes",-1.9290646,-0.417927245,"confident"
"95","strict male dominance","female_canine_height","No",0.136175115,0.76057378,"confident"
"96","strict male dominance","female_canine_height","Yes",0.19989976,0.960296425,"confident"
"97","perc_won","male_canine_height","No",-0.821441,-0.65026007,"confident"
"98","perc_won","male_canine_height","Yes",-1.15078405,-0.34742992,"confident"
"99","strict three way","male_canine_height","No",-1.4550564,-0.64566037,"confident"
"100","strict three way","male_canine_height","Yes",-1.56202155,-0.65494759,"confident"
"101","strict female dominance","male_canine_height","No",-1.1224964,-0.0727301385,"confident"
"102","strict female dominance","male_canine_height","Yes",-2.09400495,-0.336400475,"confident"
"103","strict male dominance","male_canine_height","No",0.49922681,1.22594705,"confident"
"104","strict male dominance","male_canine_height","Yes",0.573052085,1.461175,"confident"
"105","perc_won","females","No",-0.635257265,-0.521000695,"confident"
"106","perc_won","females","Yes",-1.2773597,-0.860161415,"confident"
"107","strict three way","females","No",-0.642258415,-0.10640713,"confident"
"108","strict three way","females","Yes",-0.777690915,-0.13521091,"confident"
"109","strict female dominance","females","No",-0.38113333,0.56809508,"not"
"110","strict female dominance","females","Yes",-0.54050482,0.84354897,"not"
"111","strict male dominance","females","No",0.145143885,0.682272485,"confident"
"112","strict male dominance","females","Yes",0.17798003,0.90127153,"confident"
"113","perc_won","males","No",-0.232535825,-0.133786525,"confident"
"114","perc_won","males","Yes",-0.570155595,-0.23528705,"confident"
"115","strict three way","males","No",-0.070924569,0.41734074,"not"
"116","strict three way","males","Yes",-0.0140603705,0.601486205,"not"
"117","strict female dominance","males","No",-0.43728983,0.54478782,"not"
"118","strict female dominance","males","Yes",-0.67458181,0.658580415,"not"
"119","strict male dominance","males","No",-0.413270775,0.0863630935,"not"
"120","strict male dominance","males","Yes",-0.646251745,-0.00450119404999995,"confident"
"121","perc_won","homerange_overlap","No",-0.083991891,0.022192656,"not"
"122","perc_won","homerange_overlap","Yes",-1.0150332,-0.32843653,"confident"
"123","strict three way","homerange_overlap","No",-0.153587525,0.451991545,"not"
"124","strict three way","homerange_overlap","Yes",-0.16556961,0.5568437,"not"
"125","strict female dominance","homerange_overlap","No",-0.165773055,0.96089233,"not"
"126","strict female dominance","homerange_overlap","Yes",0.03097246,1.8144735,"confident"
"127","strict male dominance","homerange_overlap","No",-0.36713304,0.196085585,"not"
"128","strict male dominance","homerange_overlap","Yes",-0.469400945,0.200062535,"not"
"129","perc_won","perc_aggression_mm","No",0.37651467,0.4873312,"confident"
"130","perc_won","perc_aggression_mm","Yes",-0.17899069,0.2188313,"not"
"131","strict three way","perc_aggression_mm","No",0.049866788,1.08631385,"confident"
"132","strict three way","perc_aggression_mm","Yes",0.04045818,1.0990013,"confident"
"133","strict female dominance","perc_aggression_mm","No",-0.653511335,0.58052334,"not"
"134","strict female dominance","perc_aggression_mm","Yes",-1.2417854,0.83046516,"not"
"135","strict male dominance","perc_aggression_mm","No",-0.84896201,0.0331581410000002,"not"
"136","strict male dominance","perc_aggression_mm","Yes",-1.12565615,-0.0187859054999999,"confident"
"137","perc_won","sexualreceptivity_hours","No",0.145595205,0.29307303,"confident"
"138","perc_won","sexualreceptivity_hours","Yes",-0.23044244,0.81679784,"not"
"139","strict three way","sexualreceptivity_hours","No",-0.333013485,0.405183255,"not"
"140","strict three way","sexualreceptivity_hours","Yes",-0.44288917,0.393682555,"not"
"141","strict female dominance","sexualreceptivity_hours","No",-0.640513845,0.369080185,"not"
"142","strict female dominance","sexualreceptivity_hours","Yes",-1.25546295,0.29867556,"not"
"143","strict male dominance","sexualreceptivity_hours","No",-0.40569856,0.27522004,"not"
"144","strict male dominance","sexualreceptivity_hours","Yes",-0.41117391,0.351435035,"not"
"145","perc_won","receptive_synchrony","No",-0.88584432,-0.69305506,"confident"
"146","perc_won","receptive_synchrony","Yes",-1.96489615,-1.06670385,"confident"
"147","strict three way","receptive_synchrony","No",-0.1508465,0.434204875,"not"
"148","strict three way","receptive_synchrony","Yes",-0.158297905,0.54260255,"not"
"149","strict female dominance","receptive_synchrony","No",-0.159098545,0.8669135,"not"
"150","strict female dominance","receptive_synchrony","Yes",-0.14223464,1.41393205,"not"
"151","strict male dominance","receptive_synchrony","No",-0.3832081,0.223752105,"not"
"152","strict male dominance","receptive_synchrony","Yes",-0.50083767,0.21561212,"not"
"153","perc_won","body_mass","No",-0.140992715,-0.00452382969999998,"confident"
"154","perc_won","body_mass","Yes",-1.11941855,-0.21727292,"confident"
"155","strict three way","body_mass","No",-0.730087435,0.0258719745,"not"
"156","strict three way","body_mass","Yes",-0.732773105,0.0194982940000001,"not"
"157","strict female dominance","body_mass","No",-0.95301514,0.22810922,"not"
"158","strict female dominance","body_mass","Yes",-2.1496395,0.20260818,"not"
"159","strict male dominance","body_mass","No",-0.0770995365,0.62684193,"not"
"160","strict male dominance","body_mass","Yes",-0.034394645,0.74034989,"not"
"161","perc_won","relative_testes_mass","No",-0.313711335,-0.192571945,"confident"
"162","perc_won","relative_testes_mass","Yes",-0.72790826,0.24210713,"not"
"163","strict three way","relative_testes_mass","No",-0.49469562,0.10901524,"not"
"164","strict three way","relative_testes_mass","Yes",-0.45313963,0.24746629,"not"
"165","strict female dominance","relative_testes_mass","No",-0.58184016,0.454357275,"not"
"166","strict female dominance","relative_testes_mass","Yes",-0.964749115,0.726291175,"not"
"167","strict male dominance","relative_testes_mass","No",-0.11740451,0.474688535,"not"
"168","strict male dominance","relative_testes_mass","Yes",-0.197425775,0.515484735,"not"
"169","perc_won","relative_femalecaninesize","No",-0.133976115,-0.00622463159999997,"confident"
"170","perc_won","relative_femalecaninesize","Yes",-1.3194514,-0.424891895,"confident"
"171","strict three way","relative_femalecaninesize","No",-0.0167082095,0.580735485,"not"
"172","strict three way","relative_femalecaninesize","Yes",-0.0485355705,0.587246255,"not"
"173","strict female dominance","relative_femalecaninesize","No",-0.69908109,0.273179225,"not"
"174","strict female dominance","relative_femalecaninesize","Yes",-1.02251325,0.383910915,"not"
"175","strict male dominance","relative_femalecaninesize","No",-0.62969569,-0.0329737359999999,"confident"
"176","strict male dominance","relative_femalecaninesize","Yes",-0.70210111,-0.0141686299999999,"confident"
"177","perc_won","SocOrgPMK P minus G","No",0.120163215398133,0.288886244503986,"confident"
"178","perc_won","SocOrgPMK P minus G","Yes",-0.20548816524152,0.417858606006939,"not"
"179","strict three way","SocOrgPMK P minus G","No",0.0395794421495689,0.406245382793759,"confident"
"180","strict three way","SocOrgPMK P minus G","Yes",0.0127386244583617,0.389571839409561,"confident"
"181","strict female dominance","SocOrgPMK P minus G","No",0.126814601109746,0.431583710737442,"confident"
"182","strict female dominance","SocOrgPMK P minus G","Yes",-0.187302529975077,0.310444351943424,"not"
"183","strict male dominance","SocOrgPMK P minus G","No",-0.301657028437799,0.0187201180823025,"not"
"184","strict male dominance","SocOrgPMK P minus G","Yes",-0.390110591910998,0.0140198812118945,"not"
"185","perc_won","MatSysPMK PAN minus MON","No",-0.14484112596309,0.00871364558066561,"not"
"186","perc_won","MatSysPMK POL minus MON","No",-0.342146285239836,-0.185641135244294,"confident"
"187","perc_won","MatSysPMK PRO minus MON","No",-0.30196554031947,-0.155142340737442,"confident"
"188","perc_won","MatSysPMK POL minus PAN","No",-0.239678362408507,-0.153962684737945,"confident"
"189","perc_won","MatSysPMK PRO minus PAN","No",-0.19436415655875,-0.121344726962482,"confident"
"190","perc_won","MatSysPMK PRO minus POL","No",0.011045365774399,0.067595049840613,"confident"
"191","perc_won","MatSysPMK PAN minus MON","Yes",-0.346774524017619,0.486211029632106,"not"
"192","perc_won","MatSysPMK POL minus MON","Yes",-0.507359388189056,0.161552155211515,"not"
"193","perc_won","MatSysPMK PRO minus MON","Yes",-0.33836483799445,0.290918466498236,"not"
"194","perc_won","MatSysPMK POL minus PAN","Yes",-0.603236769137753,0.106711897823099,"not"
"195","perc_won","MatSysPMK PRO minus PAN","Yes",-0.463671522275644,0.2629149331215,"not"
"196","perc_won","MatSysPMK PRO minus POL","Yes",-0.0299529973035396,0.340863446399898,"not"
"197","strict three way","MatSysPMK PAN minus MON","No",-0.286162774972688,0.119494644824019,"not"
"198","strict three way","MatSysPMK POL minus MON","No",-0.466640566228721,-0.0943902109442591,"confident"
"199","strict three way","MatSysPMK PRO minus MON","No",-0.333794812426541,-0.00157393683734025,"confident"
"200","strict three way","MatSysPMK POL minus PAN","No",-0.382681103532377,-0.0273099679976595,"confident"
"201","strict three way","MatSysPMK PRO minus PAN","No",-0.253456582910346,0.0788301396566151,"not"
"202","strict three way","MatSysPMK PRO minus POL","No",-0.0111267937017396,0.243775789660581,"not"
"203","strict three way","MatSysPMK PAN minus MON","Yes",-0.291157041892791,0.135023796034294,"not"
"204","strict three way","MatSysPMK POL minus MON","Yes",-0.456861164984208,-0.0896786121708902,"confident"
"205","strict three way","MatSysPMK PRO minus MON","Yes",-0.310255117460141,0.035999556301039,"not"
"206","strict three way","MatSysPMK POL minus PAN","Yes",-0.387323988578037,-0.00811107472074112,"confident"
"207","strict three way","MatSysPMK PRO minus PAN","Yes",-0.241094340056191,0.119639463393863,"not"
"208","strict three way","MatSysPMK PRO minus POL","Yes",0.00953506488829759,0.270861114217511,"confident"
"209","strict female dominance","MatSysPMK PAN minus MON","No",-0.207868280546944,0.167487923979477,"not"
"210","strict female dominance","MatSysPMK POL minus MON","No",-0.296353114164302,0.0190985731961515,"not"
"211","strict female dominance","MatSysPMK PRO minus MON","No",-0.361953866764373,-0.0859577089091707,"confident"
"212","strict female dominance","MatSysPMK POL minus PAN","No",-0.264074581086452,0.0354430892078564,"not"
"213","strict female dominance","MatSysPMK PRO minus PAN","No",-0.336977449732571,-0.0671116781349367,"confident"
"214","strict female dominance","MatSysPMK PRO minus POL","No",-0.180472347978685,0.00610962273105517,"not"
"215","strict female dominance","MatSysPMK PAN minus MON","Yes",-0.263620662750102,0.253488365295568,"not"
"216","strict female dominance","MatSysPMK POL minus MON","Yes",-0.278958748089979,0.215740599205586,"not"
"217","strict female dominance","MatSysPMK PRO minus MON","Yes",-0.228684122715171,0.267801585468904,"not"
"218","strict female dominance","MatSysPMK POL minus PAN","Yes",-0.274810175354528,0.232226776352007,"not"
"219","strict female dominance","MatSysPMK PRO minus PAN","Yes",-0.205555944300042,0.265219839791178,"not"
"220","strict female dominance","MatSysPMK PRO minus POL","Yes",-0.185813943052489,0.282139128014885,"not"
"221","strict male dominance","MatSysPMK PAN minus MON","No",-0.120215718956771,0.285076787103525,"not"
"222","strict male dominance","MatSysPMK POL minus MON","No",0.0916730025983121,0.454250607953143,"confident"
"223","strict male dominance","MatSysPMK PRO minus MON","No",-0.0210178503549786,0.290174785361671,"not"
"224","strict male dominance","MatSysPMK POL minus PAN","No",0.0125330678026398,0.375546381687513,"confident"
"225","strict male dominance","MatSysPMK PRO minus PAN","No",-0.10417042946752,0.214987962098687,"not"
"226","strict male dominance","MatSysPMK PRO minus POL","No",-0.272190775773294,-0.00346074902395426,"confident"
"227","strict male dominance","MatSysPMK PAN minus MON","Yes",-0.130958166630372,0.299272927828194,"not"
"228","strict male dominance","MatSysPMK POL minus MON","Yes",0.0988422059032309,0.479117824690022,"confident"
"229","strict male dominance","MatSysPMK PRO minus MON","Yes",-0.0266282344017604,0.336481643682204,"not"
"230","strict male dominance","MatSysPMK POL minus PAN","Yes",0.0200264826439086,0.410884004361444,"confident"
"231","strict male dominance","MatSysPMK PRO minus PAN","Yes",-0.107938029041661,0.258835449648868,"not"
"232","strict male dominance","MatSysPMK PRO minus POL","Yes",-0.284460664105369,0.00509335438246365,"not"
"233","perc_won","female_dispersal Yes minus No","No",0.0508495979528853,0.114883146799975,"confident"
"234","perc_won","female_dispersal Yes minus No","Yes",-0.443085768052816,-0.147464445442267,"confident"
"235","strict three way","female_dispersal Yes minus No","No",-0.131857023284177,0.124417475992326,"not"
"236","strict three way","female_dispersal Yes minus No","Yes",-0.175736758824176,0.12882346233067,"not"
"237","strict female dominance","female_dispersal Yes minus No","No",-0.0643639889758819,0.10003695001969,"not"
"238","strict female dominance","female_dispersal Yes minus No","Yes",-0.284995433144934,0.160910109648238,"not"
"239","strict male dominance","female_dispersal Yes minus No","No",-0.140028895321005,0.120515935387625,"not"
"240","strict male dominance","female_dispersal Yes minus No","Yes",-0.139985024601293,0.156137183123822,"not"
"241","perc_won","male_dispersal Yes minus No","No",0.0767050064171207,0.175476014076582,"confident"
"242","perc_won","male_dispersal Yes minus No","Yes",0.162886245998098,0.538264301935136,"confident"
"243","strict three way","male_dispersal Yes minus No","No",0.0234349130135817,0.313575817054859,"confident"
"244","strict three way","male_dispersal Yes minus No","Yes",0.039618176383792,0.362920452022991,"confident"
"245","strict female dominance","male_dispersal Yes minus No","No",-0.212151534242618,-0.0151023712878345,"confident"
"246","strict female dominance","male_dispersal Yes minus No","Yes",-0.246411522096343,0.24157214812794,"not"
"247","strict male dominance","male_dispersal Yes minus No","No",-0.285116852513636,-0.00475782467106113,"confident"
"248","strict male dominance","male_dispersal Yes minus No","Yes",-0.375270735612372,-0.0547509978836109,"confident"
"249","perc_won","sexbias_dispersal Female minus Both","No",-0.300258332466868,-0.203867718691414,"confident"
"250","perc_won","sexbias_dispersal Male minus Both","No",-0.259189013217213,-0.177443791872028,"confident"
"251","perc_won","sexbias_dispersal Male minus Female","No",0.00689089006672977,0.0674339403868893,"confident"
"252","perc_won","sexbias_dispersal Female minus Both","Yes",-0.416296330040362,-0.0195553869009719,"confident"
"253","perc_won","sexbias_dispersal Male minus Both","Yes",0.0952119590245189,0.402940490529213,"confident"
"254","perc_won","sexbias_dispersal Male minus Female","Yes",0.256263140152896,0.646771046107427,"confident"
"255","strict three way","sexbias_dispersal Female minus Both","No",-0.386331128934023,-0.0376056296420959,"confident"
"256","strict three way","sexbias_dispersal Male minus Both","No",-0.263478718012248,0.0463409578777003,"not"
"257","strict three way","sexbias_dispersal Male minus Female","No",-0.0517382652541063,0.253825755829272,"not"
"258","strict three way","sexbias_dispersal Female minus Both","Yes",-0.413459545859229,-0.0492568222911621,"confident"
"259","strict three way","sexbias_dispersal Male minus Both","Yes",-0.268071002247581,0.051342894414406,"not"
"260","strict three way","sexbias_dispersal Male minus Female","Yes",-0.0441864823968411,0.285552523160127,"not"
"261","strict female dominance","sexbias_dispersal Female minus Both","No",-0.126447812495386,0.148724623298921,"not"
"262","strict female dominance","sexbias_dispersal Male minus Both","No",-0.192407175511457,0.0211236551777209,"not"
"263","strict female dominance","sexbias_dispersal Male minus Female","No",-0.206612458584072,0.011073268258973,"not"
"264","strict female dominance","sexbias_dispersal Female minus Both","Yes",-0.243976989580837,0.258133875365383,"not"
"265","strict female dominance","sexbias_dispersal Male minus Both","Yes",-0.199445660001753,0.275425271752427,"not"
"266","strict female dominance","sexbias_dispersal Male minus Female","Yes",-0.216058729354005,0.272012161575735,"not"
"267","strict male dominance","sexbias_dispersal Female minus Both","No",0.0591762985919944,0.402063962977835,"confident"
"268","strict male dominance","sexbias_dispersal Male minus Both","No",-0.0152567801248308,0.277872551142626,"not"
"269","strict male dominance","sexbias_dispersal Male minus Female","No",-0.245581481650321,0.0524500004447,"not"
"270","strict male dominance","sexbias_dispersal Female minus Both","Yes",0.0772702713597869,0.429696591851528,"confident"
"271","strict male dominance","sexbias_dispersal Male minus Both","Yes",-0.0272829286080194,0.285284179261705,"not"
"272","strict male dominance","sexbias_dispersal Male minus Female","Yes",-0.298342755403297,0.0325964026788983,"not"
"273","perc_won","jointaggression_females Yes minus No","No",-0.075985254411713,-0.0224252770982208,"confident"
"274","perc_won","jointaggression_females Yes minus No","Yes",-0.355515041794776,-0.059091346202422,"confident"
"275","strict three way","jointaggression_females Yes minus No","No",-0.152175565980897,0.104639569766898,"not"
"276","strict three way","jointaggression_females Yes minus No","Yes",-0.18508607981628,0.101437354317462,"not"
"277","strict female dominance","jointaggression_females Yes minus No","No",-0.148777535206588,0.0232418056745051,"not"
"278","strict female dominance","jointaggression_females Yes minus No","Yes",-0.182018440299858,0.28695144800423,"not"
"279","strict male dominance","jointaggression_females Yes minus No","No",-0.090338952159999,0.17366643459719,"not"
"280","strict male dominance","jointaggression_females Yes minus No","Yes",-0.0901688256866872,0.191562303303131,"not"
"281","perc_won","jointaggression_males Yes minus No","No",0.0838342391801517,0.161685609415295,"confident"
"282","perc_won","jointaggression_males Yes minus No","Yes",-0.00532295970415875,0.374225191468349,"not"
"283","strict three way","jointaggression_males Yes minus No","No",-0.155712032355186,0.0614894424119831,"not"
"284","strict three way","jointaggression_males Yes minus No","Yes",-0.159328404259171,0.108638871195596,"not"
"285","strict female dominance","jointaggression_males Yes minus No","No",-0.0660838095926701,0.0891408126199728,"not"
"286","strict female dominance","jointaggression_males Yes minus No","Yes",-0.337376630851271,0.109901556224881,"not"
"287","strict male dominance","jointaggression_males Yes minus No","No",-0.0886925946348365,0.158560140562528,"not"
"288","strict male dominance","jointaggression_males Yes minus No","Yes",-0.114523050418164,0.141978226722813,"not"
"289","perc_won","female_evictions Yes minus No","No",-0.0962143395039416,-0.00653831989475101,"confident"
"290","perc_won","female_evictions Yes minus No","Yes",-0.530129585569926,-0.0338412554828158,"confident"
"291","strict three way","female_evictions Yes minus No","No",-0.223215209274392,0.145668405768018,"not"
"292","strict three way","female_evictions Yes minus No","Yes",-0.252252553845015,0.171701733149092,"not"
"293","strict female dominance","female_evictions Yes minus No","No",0.0493168380512994,0.336289045914584,"confident"
"294","strict female dominance","female_evictions Yes minus No","Yes",-0.199069422315699,0.302458159654973,"not"
"295","strict male dominance","female_evictions Yes minus No","No",-0.202323149040704,0.13478628929387,"not"
"296","strict male dominance","female_evictions Yes minus No","Yes",-0.184557426836785,0.23125429475218,"not"
"297","perc_won","female_infanticide Yes minus No","No",-0.0472995255509535,0.0196166679154077,"not"
"298","perc_won","female_infanticide Yes minus No","Yes",-0.0698922200508488,0.225345590234269,"not"
"299","strict three way","female_infanticide Yes minus No","No",-0.191069296363893,0.0891664941314979,"not"
"300","strict three way","female_infanticide Yes minus No","Yes",-0.172385676552727,0.144279662387572,"not"
"301","strict female dominance","female_infanticide Yes minus No","No",0.00335767248513056,0.203044295721571,"confident"
"302","strict female dominance","female_infanticide Yes minus No","Yes",-0.227838689058571,0.258568704773807,"not"
"303","strict male dominance","female_infanticide Yes minus No","No",-0.103635878093575,0.170671140123656,"not"
"304","strict male dominance","female_infanticide Yes minus No","Yes",-0.142676384024585,0.169136047960685,"not"
"305","perc_won","ovulation_signs Exaggerated minus Absent","No",-0.172991111324369,-0.10634053240895,"confident"
"306","perc_won","ovulation_signs Present minus Absent","No",-0.339123053352038,-0.227696466846932,"confident"
"307","perc_won","ovulation_signs Present minus Exaggerated","No",-0.198442561002305,-0.0988380470953315,"confident"
"308","perc_won","ovulation_signs Exaggerated minus Absent","Yes",-0.429315343359227,0.0290503091212311,"not"
"309","perc_won","ovulation_signs Present minus Absent","Yes",-0.36956771438213,-0.0173129561665368,"confident"
"310","perc_won","ovulation_signs Present minus Exaggerated","Yes",-0.223482894609546,0.255188597036137,"not"
"311","strict three way","ovulation_signs Exaggerated minus Absent","No",-0.259528455513757,0.0190393611864999,"not"
"312","strict three way","ovulation_signs Present minus Absent","No",-0.216004758194524,0.066911463856907,"not"
"313","strict three way","ovulation_signs Present minus Exaggerated","No",-0.101646524173787,0.184878511587886,"not"
"314","strict three way","ovulation_signs Exaggerated minus Absent","Yes",-0.260735431701117,0.0737855282506243,"not"
"315","strict three way","ovulation_signs Present minus Absent","Yes",-0.254676515226908,0.0591556655491804,"not"
"316","strict three way","ovulation_signs Present minus Exaggerated","Yes",-0.165114872558435,0.165783765149804,"not"
"317","strict female dominance","ovulation_signs Exaggerated minus Absent","No",-0.101499275880994,0.0971702104173922,"not"
"318","strict female dominance","ovulation_signs Present minus Absent","No",-0.118830193186447,0.0896224824906969,"not"
"319","strict female dominance","ovulation_signs Present minus Exaggerated","No",-0.11413262741281,0.087749081451266,"not"
"320","strict female dominance","ovulation_signs Exaggerated minus Absent","Yes",-0.224460596619171,0.237772276835807,"not"
"321","strict female dominance","ovulation_signs Present minus Absent","Yes",-0.235435775025265,0.225329522313759,"not"
"322","strict female dominance","ovulation_signs Present minus Exaggerated","Yes",-0.242248961138983,0.218554867268764,"not"
"323","strict male dominance","ovulation_signs Exaggerated minus Absent","No",0.00216769732216733,0.290345868530373,"confident"
"324","strict male dominance","ovulation_signs Present minus Absent","No",-0.0614308778029528,0.235683762530194,"not"
"325","strict male dominance","ovulation_signs Present minus Exaggerated","No",-0.20344227251156,0.0796787949563414,"not"
"326","strict male dominance","ovulation_signs Exaggerated minus Absent","Yes",-0.0677888795527773,0.26853880259401,"not"
"327","strict male dominance","ovulation_signs Present minus Absent","Yes",-0.051181136081455,0.272560440055044,"not"
"328","strict male dominance","ovulation_signs Present minus Exaggerated","Yes",-0.162029263975544,0.17285608919874,"not"
"329","perc_won","Strata_Wilman G minus Ar","No",-0.228528167670255,-0.150050904083366,"confident"
"330","perc_won","Strata_Wilman S minus Ar","No",-0.210286233491451,-0.140246185151666,"confident"
"331","perc_won","Strata_Wilman S minus G","No",-0.0213507087585341,0.0496084594364332,"not"
"332","perc_won","Strata_Wilman G minus Ar","Yes",-0.502374932368979,0.0754273593416528,"not"
"333","perc_won","Strata_Wilman S minus Ar","Yes",0.00831575099728999,0.650279298771309,"confident"
"334","perc_won","Strata_Wilman S minus G","Yes",0.368298179905683,0.666467964324494,"confident"
"335","strict three way","Strata_Wilman G minus Ar","No",-0.333652381439968,-0.0475961785345236,"confident"
"336","strict three way","Strata_Wilman S minus Ar","No",-0.233373559992772,-0.0152413249784185,"confident"
"337","strict three way","Strata_Wilman S minus G","No",-0.0853926333748505,0.222085111793385,"not"
"338","strict three way","Strata_Wilman G minus Ar","Yes",-0.333944074015197,-0.0191070942831072,"confident"
"339","strict three way","Strata_Wilman S minus Ar","Yes",-0.246497657089808,0.0011542285530004,"not"
"340","strict three way","Strata_Wilman S minus G","Yes",-0.104169656555112,0.212713551419816,"not"
"341","strict female dominance","Strata_Wilman G minus Ar","No",-0.0147428744475859,0.211180385717292,"not"
"342","strict female dominance","Strata_Wilman S minus Ar","No",-0.0747600505921759,0.0813828083586645,"not"
"343","strict female dominance","Strata_Wilman S minus G","No",-0.215801288732339,0.0230716903831701,"not"
"344","strict female dominance","Strata_Wilman G minus Ar","Yes",-0.324021922392892,0.124773908475676,"not"
"345","strict female dominance","Strata_Wilman S minus Ar","Yes",-0.377823557023707,0.0706057585406555,"not"
"346","strict female dominance","Strata_Wilman S minus G","Yes",-0.301166843570515,0.191917741741482,"not"
"347","strict male dominance","Strata_Wilman G minus Ar","No",0.0407697237859164,0.325275753940282,"confident"
"348","strict male dominance","Strata_Wilman S minus Ar","No",-0.00380726591417576,0.230221280981683,"not"
"349","strict male dominance","Strata_Wilman S minus G","No",-0.22033447913642,0.0863830455393116,"not"
"350","strict male dominance","Strata_Wilman G minus Ar","Yes",0.0271615795372626,0.322921947418564,"confident"
"351","strict male dominance","Strata_Wilman S minus Ar","Yes",-0.0159698501773149,0.231466032306109,"not"
"352","strict male dominance","Strata_Wilman S minus G","Yes",-0.226501482843949,0.0902731026349912,"not"
"353","perc_won","origin provisioned minus captive","No",-0.537120436791846,-0.250819243129295,"confident"
"354","perc_won","origin wild minus captive","No",0.0422378787653159,0.107332804897735,"confident"
"355","perc_won","origin wild minus provisioned","No",0.325946873310406,0.599606671301374,"confident"
"356","perc_won","origin provisioned minus captive","Yes",-0.0842483246849039,0.280150116189318,"not"
"357","perc_won","origin wild minus captive","Yes",0.0931970880010433,0.235646310036185,"confident"
"358","perc_won","origin wild minus provisioned","Yes",-0.105804839062722,0.253292875620668,"not"
"359","strict three way","origin provisioned minus captive","No",-0.264977427618927,0.120571503170605,"not"
"360","strict three way","origin wild minus captive","No",-0.0600447782110627,0.161216231213019,"not"
"361","strict three way","origin wild minus provisioned","No",-0.0700436570635456,0.320817994809735,"not"
"362","strict three way","origin provisioned minus captive","Yes",-0.288082105496819,0.157753866643696,"not"
"363","strict three way","origin wild minus captive","Yes",-0.0618506864945858,0.191734920906473,"not"
"364","strict three way","origin wild minus provisioned","Yes",-0.0919394087029845,0.337528313367428,"not"
"365","strict female dominance","origin provisioned minus captive","No",0.0623655457006986,0.411770890634956,"confident"
"366","strict female dominance","origin wild minus captive","No",-0.151403870238932,-0.0112590150630486,"confident"
"367","strict female dominance","origin wild minus provisioned","No",-0.480136409855534,-0.146316161856341,"confident"
"368","strict female dominance","origin provisioned minus captive","Yes",-0.277291240819732,0.217403889603941,"not"
"369","strict female dominance","origin wild minus captive","Yes",-0.342016189776834,0.0588894581259546,"not"
"370","strict female dominance","origin wild minus provisioned","Yes",-0.334481630758728,0.127900731173856,"not"
"371","strict male dominance","origin provisioned minus captive","No",-0.120120419966292,0.257617158701306,"not"
"372","strict male dominance","origin wild minus captive","No",-0.19399889775313,0.0389703909836447,"not"
"373","strict male dominance","origin wild minus provisioned","No",-0.327920122994298,0.0337376415105259,"not"
"374","strict male dominance","origin provisioned minus captive","Yes",-0.133476502488273,0.28586730060646,"not"
"375","strict male dominance","origin wild minus captive","Yes",-0.210976404214443,0.0271662999109377,"not"
"376","strict male dominance","origin wild minus provisioned","Yes",-0.374570413407,0.0477650905480518,"not"
"377","perc_won","fissionfusion Yes minus No","No",-0.163412183387498,-0.0843885662148279,"confident"
"378","perc_won","fissionfusion Yes minus No","Yes",0.277046480199529,0.560662340864915,"confident"
"379","strict three way","fissionfusion Yes minus No","No",-0.304347335530738,-0.0373711850537239,"confident"
"380","strict three way","fissionfusion Yes minus No","Yes",-0.350975368165064,-0.0709669016811479,"confident"
"381","strict female dominance","fissionfusion Yes minus No","No",0.00606510798310599,0.188175479676776,"confident"
"382","strict female dominance","fissionfusion Yes minus No","Yes",-0.233217729923908,0.211162132315462,"not"
"383","strict male dominance","fissionfusion Yes minus No","No",0.052907039505289,0.295904953535893,"confident"
"384","strict male dominance","fissionfusion Yes minus No","Yes",0.0785055798016191,0.37024835704433,"confident"
"385","perc_won","between_groupconflict Unbiased minus Malebiased","No",0.202010290545053,0.348284339660276,"confident"
"386","perc_won","between_groupconflict Unbiased minus Malebiased","Yes",-0.159547707971207,0.280480263573527,"not"
"387","strict three way","between_groupconflict Unbiased minus Malebiased","No",0.0926509992584411,0.442050199512416,"confident"
"388","strict three way","between_groupconflict Unbiased minus Malebiased","Yes",0.0486979782065223,0.419948016302989,"confident"
"389","strict female dominance","between_groupconflict Unbiased minus Malebiased","No",0.00591383801558392,0.282198732451545,"confident"
"390","strict female dominance","between_groupconflict Unbiased minus Malebiased","Yes",-0.209403494638262,0.292698244565329,"not"
"391","strict male dominance","between_groupconflict Unbiased minus Malebiased","No",-0.436037159927132,-0.104953308076578,"confident"
"392","strict male dominance","between_groupconflict Unbiased minus Malebiased","Yes",-0.419584459315768,-0.0714033246672515,"confident"
