,outcome,nestingvariable,phylogeny,contrast lower,contrast upper
1,perc_won,no dimorphic sexratio,no,0.57862381,0.70811209
2,perc_won,dimorphic sexratio,no,0.446249955,0.56793329
3,perc_won,no dimorphic sexratio,yes,1.1883923,1.58685055
4,perc_won,dimorphic sexratio,yes,-0.619825005,-0.230480255
5,strict,no dimorphic sexratio,no,0.397099735,1.3684073
6,strict,dimorphic sexratio,no,0.42919546,1.0684972
7,strict,no dimorphic sexratio,yes,0.401955185,1.3823657
8,strict,dimorphic sexratio,yes,0.43877451,1.1407262
9,relaxed,no dimorphic sexratio,no,0.30789171,1.2425587
10,relaxed,dimorphic sexratio,no,0.056595378,0.81834715
11,relaxed,no dimorphic sexratio,yes,1.0963069,2.4139896
12,relaxed,dimorphic sexratio,yes,0.25048985,1.1833216
13,perc_won,no dimorphic SexualDimorphism_MaleWeight_over_FemaleWeight,no,-1.5883233,-1.23271095
14,perc_won,dimorphic SexualDimorphism_MaleWeight_over_FemaleWeight,no,-0.850003315,-0.676974265
15,perc_won,no dimorphic SexualDimorphism_MaleWeight_over_FemaleWeight,yes,-0.823685,1.1886953
16,perc_won,dimorphic SexualDimorphism_MaleWeight_over_FemaleWeight,yes,-1.74225115,-0.61444705
17,strict,no dimorphic SexualDimorphism_MaleWeight_over_FemaleWeight,no,-2.0669807,-0.253369295
18,strict,dimorphic SexualDimorphism_MaleWeight_over_FemaleWeight,no,-1.16896565,-0.410803745
19,strict,no dimorphic SexualDimorphism_MaleWeight_over_FemaleWeight,yes,-2.01172235,-0.26306472
20,strict,dimorphic SexualDimorphism_MaleWeight_over_FemaleWeight,yes,-1.2648175,-0.40630304
21,relaxed,no dimorphic SexualDimorphism_MaleWeight_over_FemaleWeight,no,-1.17329035,0.13722902
22,relaxed,dimorphic SexualDimorphism_MaleWeight_over_FemaleWeight,no,-1.4890799,-0.476478115
23,relaxed,no dimorphic SexualDimorphism_MaleWeight_over_FemaleWeight,yes,-2.487154,-1.19857
24,relaxed,dimorphic SexualDimorphism_MaleWeight_over_FemaleWeight,yes,-2.1482628,-0.770142915
25,perc_won,no dimorphic CanineDimorphism,no,-3.3914944,-2.9559456
26,perc_won,dimorphic CanineDimorphism,no,-1.4681044,-1.2689978
27,perc_won,no dimorphic CanineDimorphism,yes,-3.24943885,-0.937697935
28,perc_won,dimorphic CanineDimorphism,yes,-1.425792,-0.55990848
29,strict,no dimorphic CanineDimorphism,no,-2.7954458,-0.97756014
30,strict,dimorphic CanineDimorphism,no,-1.70904615,-0.74614219
31,strict,no dimorphic CanineDimorphism,yes,-2.8093465,-0.904870095
32,strict,dimorphic CanineDimorphism,yes,-1.852904,-0.815613175
33,relaxed,no dimorphic CanineDimorphism,no,-1.46032375,-0.276543235
34,relaxed,dimorphic CanineDimorphism,no,-1.33363915,-0.35199454
35,relaxed,no dimorphic CanineDimorphism,yes,-3.25972955,-1.7586994
36,relaxed,dimorphic CanineDimorphism,yes,-2.52440935,-1.02805555
37,perc_won,no dimorphic female_average_relatedness,no,-0.579899245,-0.39652905
38,perc_won,dimorphic female_average_relatedness,no,-1.9790647,-1.48627185
39,perc_won,no dimorphic female_average_relatedness,yes,-2.2472953,-1.66618255
40,perc_won,dimorphic female_average_relatedness,yes,-1.88493885,0.66015749
41,strict,no dimorphic female_average_relatedness,no,-1.10568755,0.179004625
42,strict,dimorphic female_average_relatedness,no,-1.05637825,0.68847041
43,strict,no dimorphic female_average_relatedness,yes,-1.1023587,0.11739014
44,strict,dimorphic female_average_relatedness,yes,-1.1237374,0.75667538
45,relaxed,no dimorphic female_average_relatedness,no,-0.676953185,0.35987181
46,relaxed,dimorphic female_average_relatedness,no,-1.02073675,0.331168305
47,relaxed,no dimorphic female_average_relatedness,yes,-0.483818555,0.84924592
48,relaxed,dimorphic female_average_relatedness,yes,-1.0654416,0.87731309
49,perc_won,no dimorphic Synchrony,no,-7.02713055,-4.86714805
50,perc_won,dimorphic Synchrony,no,-0.912860265,-0.71194513
51,perc_won,no dimorphic Synchrony,yes,-2.6859987,0.238604335
52,perc_won,dimorphic Synchrony,yes,-1.19320475,-0.141201545
53,strict,no dimorphic Synchrony,no,-2.17971685,0.446779965
54,strict,dimorphic Synchrony,no,-0.36104627,0.34600435
55,strict,no dimorphic Synchrony,yes,-2.2953476,0.419003225
56,strict,dimorphic Synchrony,yes,-0.28474676,0.676433345
57,relaxed,no dimorphic Synchrony,no,-1.1278864,0.35071702
58,relaxed,dimorphic Synchrony,no,0.031044586,0.798562085
59,relaxed,no dimorphic Synchrony,yes,-3.4602831,-1.47322295
60,relaxed,dimorphic Synchrony,yes,-0.178400855,0.82759824
61,perc_won,no dimorphic r_seasonality_value,no,0.91286236,1.2302598
62,perc_won,dimorphic r_seasonality_value,no,0.504525395,0.69065923
63,perc_won,no dimorphic r_seasonality_value,yes,-0.054959913,1.32068375
64,perc_won,dimorphic r_seasonality_value,yes,0.339035315,1.3986272
65,strict,no dimorphic r_seasonality_value,no,-0.018897117,1.6960486
66,strict,dimorphic r_seasonality_value,no,0.017058663,0.954480895
67,strict,no dimorphic r_seasonality_value,yes,-0.092796187,1.62239075
68,strict,dimorphic r_seasonality_value,yes,0.103259285,1.1171308
69,relaxed,no dimorphic r_seasonality_value,no,-0.272466285,1.00285605
70,relaxed,dimorphic r_seasonality_value,no,-0.14665242,0.918518605
71,relaxed,no dimorphic r_seasonality_value,yes,0.21865541,2.2063088
72,relaxed,dimorphic r_seasonality_value,yes,0.010644335,1.40925485
73,perc_won,no dimorphic M_skew_index,no,-0.044901737,2.70665285
74,perc_won,dimorphic M_skew_index,no,-0.25000719,-0.126088575
75,perc_won,no dimorphic M_skew_index,yes,-1.72256815,1.3724526
76,perc_won,dimorphic M_skew_index,yes,-0.35903605,0.23937297
77,strict,no dimorphic M_skew_index,no,-1.98776165,0.96544867
78,strict,dimorphic M_skew_index,no,-0.68624729,0.13334416
79,strict,no dimorphic M_skew_index,yes,-2.06598345,1.09274155
80,strict,dimorphic M_skew_index,yes,-0.67814864,0.144544455
81,relaxed,no dimorphic M_skew_index,no,-0.88877467,0.679887385
82,relaxed,dimorphic M_skew_index,no,-0.278447685,0.707756455
83,relaxed,no dimorphic M_skew_index,yes,-2.91106695,0.092213768
84,relaxed,dimorphic M_skew_index,yes,-0.32313285,0.80586174
85,perc_won,no dimorphic env_harshness,no,0.530249835,0.751503955
86,perc_won,dimorphic env_harshness,no,-0.51995487,-0.386481295
87,perc_won,no dimorphic env_harshness,yes,-2.03877925,0.031734448
88,perc_won,dimorphic env_harshness,yes,-1.53555265,-0.338662425
89,strict,no dimorphic env_harshness,no,-0.20451153,1.16527325
90,strict,dimorphic env_harshness,no,-0.83648995,-0.14392859
91,strict,no dimorphic env_harshness,yes,-0.180064655,1.38970965
92,strict,dimorphic env_harshness,yes,-0.854292255,-0.051997184
93,relaxed,no dimorphic env_harshness,no,-0.160820875,1.07269015
94,relaxed,dimorphic env_harshness,no,-0.77613892,0.120647575
95,relaxed,no dimorphic env_harshness,yes,-1.49006025,0.072579573
96,relaxed,dimorphic env_harshness,yes,-0.87087924,0.00638619
97,perc_won,no dimorphic rainfall_unpredictability,no,-0.29552797,-0.177498265
98,perc_won,dimorphic rainfall_unpredictability,no,-0.28131153,-0.14527681
99,perc_won,no dimorphic rainfall_unpredictability,yes,-1.27180345,0.24471366
100,perc_won,dimorphic rainfall_unpredictability,yes,-0.5689412,0.782445625
101,strict,no dimorphic rainfall_unpredictability,no,-0.95009924,0.050106837
102,strict,dimorphic rainfall_unpredictability,no,-0.61543061,0.059053376
103,strict,no dimorphic rainfall_unpredictability,yes,-0.97315324,0.10045431
104,strict,dimorphic rainfall_unpredictability,yes,-0.66676337,0.145475645
105,relaxed,no dimorphic rainfall_unpredictability,no,-0.71604682,0.25967667
106,relaxed,dimorphic rainfall_unpredictability,no,-0.821893575,0.088907781
107,relaxed,no dimorphic rainfall_unpredictability,yes,-1.5246669,-0.23786516
108,relaxed,dimorphic rainfall_unpredictability,yes,-0.8811954,0.050649442
109,perc_won,no dimorphic rainfall_annualvariation,no,0.175878545,0.319605495
110,perc_won,dimorphic rainfall_annualvariation,no,-0.112228035,-0.001884347
111,perc_won,no dimorphic rainfall_annualvariation,yes,-0.64523555,1.04366475
112,perc_won,dimorphic rainfall_annualvariation,yes,-0.492353935,0.89242527
113,strict,no dimorphic rainfall_annualvariation,no,-0.219978155,0.8823882
114,strict,dimorphic rainfall_annualvariation,no,-0.014955486,0.688505355
115,strict,no dimorphic rainfall_annualvariation,yes,-0.388741955,0.951970095
116,strict,dimorphic rainfall_annualvariation,yes,-0.072413825,0.67054158
117,relaxed,no dimorphic rainfall_annualvariation,no,-0.47670558,0.621215015
118,relaxed,dimorphic rainfall_annualvariation,no,-0.41302042,0.385456685
119,relaxed,no dimorphic rainfall_annualvariation,yes,-0.223653885,1.2654066
120,relaxed,dimorphic rainfall_annualvariation,yes,-0.398203445,0.3896377
121,perc_won,no dimorphic NDVI_Seasonality,no,-1.2929287,-1.12512725
122,perc_won,dimorphic NDVI_Seasonality,no,-0.241589865,-0.120786835
123,perc_won,no dimorphic NDVI_Seasonality,yes,-2.2672615,-1.1732411
124,perc_won,dimorphic NDVI_Seasonality,yes,-0.3527284,0.27877779
125,strict,no dimorphic NDVI_Seasonality,no,-1.73707785,-0.61338964
126,strict,dimorphic NDVI_Seasonality,no,-0.059964787,0.572801805
127,strict,no dimorphic NDVI_Seasonality,yes,-1.7725396,-0.58815828
128,strict,dimorphic NDVI_Seasonality,yes,-0.031673993,0.621067565
129,relaxed,no dimorphic NDVI_Seasonality,no,-1.4795986,-0.376476915
130,relaxed,dimorphic NDVI_Seasonality,no,-0.03084626,0.71611972
131,relaxed,no dimorphic NDVI_Seasonality,yes,-2.7280265,-1.08131885
132,relaxed,dimorphic NDVI_Seasonality,yes,-0.200213055,0.636445345
133,perc_won,no dimorphic female_canine_height,no,0.19371584,0.34899793
134,perc_won,dimorphic female_canine_height,no,-0.65405415,-0.488806605
135,perc_won,no dimorphic female_canine_height,yes,-1.38245725,-0.373337975
136,perc_won,dimorphic female_canine_height,yes,-1.110614,-0.32140163
137,strict,no dimorphic female_canine_height,no,-0.214790525,0.86892141
138,strict,dimorphic female_canine_height,no,-1.02101485,-0.281075545
139,strict,no dimorphic female_canine_height,yes,-0.25303558,0.858410935
140,strict,dimorphic female_canine_height,yes,-1.01300885,-0.246842845
141,relaxed,no dimorphic female_canine_height,no,-0.679027625,0.42422257
142,relaxed,dimorphic female_canine_height,no,-1.5805222,-0.659066575
143,relaxed,no dimorphic female_canine_height,yes,-1.89880625,-0.475158665
144,relaxed,dimorphic female_canine_height,yes,-1.7974651,-0.595160895
145,perc_won,no dimorphic male_canine_height,no,-1.2207433,-0.713331995
146,perc_won,dimorphic male_canine_height,no,-1.1414555,-0.948741215
147,perc_won,no dimorphic male_canine_height,yes,-2.66451445,-0.522549735
148,perc_won,dimorphic male_canine_height,yes,-1.10234155,-0.252221745
149,strict,no dimorphic male_canine_height,no,-1.4234397,0.610358285
150,strict,dimorphic male_canine_height,no,-1.62221575,-0.748272065
151,strict,no dimorphic male_canine_height,yes,-1.62190165,0.616356905
152,strict,dimorphic male_canine_height,yes,-1.5843653,-0.682771225
153,relaxed,no dimorphic male_canine_height,no,-1.1038341,0.31666511
154,relaxed,dimorphic male_canine_height,no,-1.71150245,-0.691078265
155,relaxed,no dimorphic male_canine_height,yes,-3.26850355,-1.574746
156,relaxed,dimorphic male_canine_height,yes,-2.3345526,-0.992235595
157,perc_won,no dimorphic females,no,-1.4424576,-1.2894245
158,perc_won,dimorphic females,no,-0.81654022,-0.663809635
159,perc_won,no dimorphic females,yes,-2.5388019,-1.91537245
160,perc_won,dimorphic females,yes,-0.44692547,0.066261497
161,strict,no dimorphic females,no,-2.07846635,-0.85809842
162,strict,dimorphic females,no,-0.69675156,-0.015335235
163,strict,no dimorphic females,yes,-2.0737059,-0.868826715
164,strict,dimorphic females,yes,-0.65713501,0.086091458
165,relaxed,no dimorphic females,no,-1.6592207,-0.599340715
166,relaxed,dimorphic females,no,-0.76608871,0.097871369
167,relaxed,no dimorphic females,yes,-2.79814095,-1.50860435
168,relaxed,dimorphic females,yes,-1.23581225,-0.149104835
169,perc_won,no dimorphic males,no,-0.938219825,-0.800732805
170,perc_won,dimorphic males,no,-0.260159255,-0.16187468
171,perc_won,no dimorphic males,yes,-0.20256824,0.19273706
172,perc_won,dimorphic males,yes,-0.63335974,-0.255175975
173,strict,no dimorphic males,no,-1.3460347,-0.140210285
174,strict,dimorphic males,no,-0.048123087,0.455902025
175,strict,no dimorphic males,yes,-1.35664385,-0.18753959
176,strict,dimorphic males,yes,-0.030077241,0.540304505
177,relaxed,no dimorphic males,no,-1.17334375,-0.111930035
178,relaxed,dimorphic males,no,-0.302780095,0.358905405
179,relaxed,no dimorphic males,yes,-2.3995307,-1.11529395
180,relaxed,dimorphic males,yes,-0.369977445,0.43932468
181,perc_won,no dimorphic homerange_overlap,no,0.11487539,0.26569121
182,perc_won,dimorphic homerange_overlap,no,-0.424422685,-0.287800205
183,perc_won,no dimorphic homerange_overlap,yes,-3.964095,-2.4427954
184,perc_won,dimorphic homerange_overlap,yes,-0.85513503,0.092520319
185,strict,no dimorphic homerange_overlap,no,-0.57954514,0.546106855
186,strict,dimorphic homerange_overlap,no,-0.32663171,0.39991749
187,strict,no dimorphic homerange_overlap,yes,-0.63116164,0.550843865
188,strict,dimorphic homerange_overlap,yes,-0.327998595,0.401388915
189,relaxed,no dimorphic homerange_overlap,no,-0.60291491,0.41229643
190,relaxed,dimorphic homerange_overlap,no,-0.842483785,0.064317219
191,relaxed,no dimorphic homerange_overlap,yes,-1.57358575,-0.22093695
192,relaxed,dimorphic homerange_overlap,yes,-1.0390477,0.039069317
193,perc_won,no dimorphic perc_aggression_mm,no,0.87073768,1.08542345
194,perc_won,dimorphic perc_aggression_mm,no,0.60425314,0.75475218
195,perc_won,no dimorphic perc_aggression_mm,yes,0.708646015,1.41792195
196,perc_won,dimorphic perc_aggression_mm,yes,-0.72548562,-0.239434705
197,strict,no dimorphic perc_aggression_mm,no,0.314220575,2.0457741
198,strict,dimorphic perc_aggression_mm,no,0.050974499,1.04402
199,strict,no dimorphic perc_aggression_mm,yes,0.22893427,2.0015833
200,strict,dimorphic perc_aggression_mm,yes,0.085400746,1.2087104
201,relaxed,no dimorphic perc_aggression_mm,no,-0.038599495,1.06908215
202,relaxed,dimorphic perc_aggression_mm,no,-0.133274925,0.886342655
203,relaxed,no dimorphic perc_aggression_mm,yes,-0.11832716,1.6762538
204,relaxed,dimorphic perc_aggression_mm,yes,-0.123267045,1.1053911
205,perc_won,no dimorphic sexualreceptivity_hours,no,-1.07673055,-0.855528825
206,perc_won,dimorphic sexualreceptivity_hours,no,0.12473331,0.38337542
207,perc_won,no dimorphic sexualreceptivity_hours,yes,-1.72165625,-0.60323393
208,perc_won,dimorphic sexualreceptivity_hours,yes,-0.53696052,0.695358675
209,strict,no dimorphic sexualreceptivity_hours,no,-1.83965245,-0.489332275
210,strict,dimorphic sexualreceptivity_hours,no,-0.49709801,0.63576728
211,strict,no dimorphic sexualreceptivity_hours,yes,-1.8651872,-0.48805723
212,strict,dimorphic sexualreceptivity_hours,yes,-0.55425419,0.65638821
213,relaxed,no dimorphic sexualreceptivity_hours,no,-1.2646916,-0.001121609
214,relaxed,dimorphic sexualreceptivity_hours,no,-0.40296836,0.63535979
215,relaxed,no dimorphic sexualreceptivity_hours,yes,-2.66227585,-0.92429232
216,relaxed,dimorphic sexualreceptivity_hours,yes,-0.745837605,0.60402944
217,perc_won,no dimorphic receptive_synchrony,no,-2.1723699,-1.01386835
218,perc_won,dimorphic receptive_synchrony,no,-0.770046935,-0.589557535
219,perc_won,no dimorphic receptive_synchrony,yes,-3.73453965,-0.9530918
220,perc_won,dimorphic receptive_synchrony,yes,-1.0926866,0.37897695
221,strict,no dimorphic receptive_synchrony,no,-2.2035929,0.46091434
222,strict,dimorphic receptive_synchrony,no,-0.037499983,0.58470292
223,strict,no dimorphic receptive_synchrony,yes,-2.08973055,0.48157884
224,strict,dimorphic receptive_synchrony,yes,0.20191281,1.008553
225,relaxed,no dimorphic receptive_synchrony,no,-1.14394825,0.389672865
226,relaxed,dimorphic receptive_synchrony,no,-0.151733645,0.600904205
227,relaxed,no dimorphic receptive_synchrony,yes,-3.7444095,-1.9979972
228,relaxed,dimorphic receptive_synchrony,yes,-0.34730911,0.63136732
229,perc_won,no dimorphic body_mass,no,-9.2386659,-7.3405045
230,perc_won,dimorphic body_mass,no,-0.16921186,-0.04127355
231,perc_won,no dimorphic body_mass,yes,-1.6732826,1.33622495
232,perc_won,dimorphic body_mass,yes,-1.7796217,0.291472495
233,strict,no dimorphic body_mass,no,-2.02110215,0.904119655
234,strict,dimorphic body_mass,no,-0.63145993,0.028304565
235,strict,no dimorphic body_mass,yes,-2.20143415,0.9231821
236,strict,dimorphic body_mass,yes,-0.618444725,0.093070129
237,relaxed,no dimorphic body_mass,no,-0.918264835,0.606951085
238,relaxed,dimorphic body_mass,no,-0.987892935,-0.009387236
239,relaxed,no dimorphic body_mass,yes,-4.08614,-1.54710815
240,relaxed,dimorphic body_mass,yes,-1.50017345,-0.038762835
241,perc_won,no dimorphic relative_testes_mass,no,-0.41726063,-0.25945934
242,perc_won,dimorphic relative_testes_mass,no,-0.235935125,-0.1126726
243,perc_won,no dimorphic relative_testes_mass,yes,-0.919655165,0.112790415
244,perc_won,dimorphic relative_testes_mass,yes,-0.404333705,1.10259155
245,strict,no dimorphic relative_testes_mass,no,-0.631752555,0.42916733
246,strict,dimorphic relative_testes_mass,no,-0.40031994,0.21846243
247,strict,no dimorphic relative_testes_mass,yes,-0.69861151,0.44761669
248,strict,dimorphic relative_testes_mass,yes,-0.570077425,0.16067342
249,relaxed,no dimorphic relative_testes_mass,no,-0.88982991,0.244542175
250,relaxed,dimorphic relative_testes_mass,no,-0.33020443,0.440865275
251,relaxed,no dimorphic relative_testes_mass,yes,-1.47481345,-0.038752002
252,relaxed,dimorphic relative_testes_mass,yes,-0.467352275,0.363408765
253,perc_won,no dimorphic relative_femalecaninesize,no,0.52262248,0.66624787
254,perc_won,dimorphic relative_femalecaninesize,no,-0.30044506,-0.1730165
255,perc_won,no dimorphic relative_femalecaninesize,yes,-0.868236385,0.311139755
256,perc_won,dimorphic relative_femalecaninesize,yes,-1.6308254,-0.74116625
257,strict,no dimorphic relative_femalecaninesize,no,-0.22950111,0.90636896
258,strict,dimorphic relative_femalecaninesize,no,-0.088833382,0.55591751
259,strict,no dimorphic relative_femalecaninesize,yes,-0.043510291,1.1686721
260,strict,dimorphic relative_femalecaninesize,yes,-0.058492599,0.613336265
261,relaxed,no dimorphic relative_femalecaninesize,no,-0.355801285,0.72482101
262,relaxed,dimorphic relative_femalecaninesize,no,-0.996964505,-0.24752433
263,relaxed,no dimorphic relative_femalecaninesize,yes,-0.602969935,0.839894315
264,relaxed,dimorphic relative_femalecaninesize,yes,-1.19060475,-0.10319542
265,perc_won,no dimorphic SocOrgPMK,no,0.53609745,0.65934382
266,perc_won,dimorphic SocOrgPMK,no,2.21826195,2.9266161
267,perc_won,no dimorphic SocOrgPMK,yes,1.45880505,2.59195655
268,perc_won,dimorphic SocOrgPMK,yes,-1.2333897,0.93192194
269,strict,no dimorphic SocOrgPMK,no,0.11158254,0.75844582
270,strict,dimorphic SocOrgPMK,no,-0.84517863,0.391977465
271,strict,no dimorphic SocOrgPMK,yes,0.108671205,0.839682355
272,strict,dimorphic SocOrgPMK,yes,-0.787384975,0.441073475
273,relaxed,no dimorphic SocOrgPMK,no,0.51898864,1.43221995
274,relaxed,dimorphic SocOrgPMK,no,-0.867297445,0.48946662
275,relaxed,no dimorphic SocOrgPMK,yes,0.44387472,1.5000442
276,relaxed,dimorphic SocOrgPMK,yes,-0.895623085,0.51383784
277,perc_won,no dimorphic MatSysPMK,no,-0.171557055,-0.097009724
278,perc_won,dimorphic MatSysPMK,no,-0.431168445,-0.273587385
279,perc_won,no dimorphic MatSysPMK,yes,-0.59361999,0.047941918
280,perc_won,dimorphic MatSysPMK,yes,-0.89438282,-0.028614556
281,strict,no dimorphic MatSysPMK,no,-0.098999291,0.398353725
282,strict,dimorphic MatSysPMK,no,-0.47750907,0.009416624
283,strict,no dimorphic MatSysPMK,yes,-0.102181805,0.38516845
284,strict,dimorphic MatSysPMK,yes,-0.4445596,0.032795725
285,relaxed,no dimorphic MatSysPMK,no,-0.3425983,0.22982916
286,relaxed,dimorphic MatSysPMK,no,-0.72906864,-0.097633794
287,relaxed,no dimorphic MatSysPMK,yes,-0.411563245,0.21418652
288,relaxed,dimorphic MatSysPMK,yes,-0.980690275,-0.27293863
289,perc_won,no dimorphic female_dispersal,no,-2.37316255,-2.11560445
290,perc_won,dimorphic female_dispersal,no,0.140415765,0.39268275
291,perc_won,no dimorphic female_dispersal,yes,-2.15276165,-0.52598611
292,perc_won,dimorphic female_dispersal,yes,-2.9053452,-1.464028
293,strict,no dimorphic female_dispersal,no,-0.93814325,0.025759543
294,strict,dimorphic female_dispersal,no,-1.15072685,-0.13909327
295,strict,no dimorphic female_dispersal,yes,-1.02373985,0.030543021
296,strict,dimorphic female_dispersal,yes,-1.3379204,-0.255082175
297,relaxed,no dimorphic female_dispersal,no,-0.725154855,0.301755185
298,relaxed,dimorphic female_dispersal,no,-0.876744585,0.289837245
299,relaxed,no dimorphic female_dispersal,yes,-0.722025675,0.341418265
300,relaxed,dimorphic female_dispersal,yes,-0.88568585,0.31389569
301,perc_won,no dimorphic male_dispersal,no,2.9313283,3.3356855
302,perc_won,dimorphic male_dispersal,no,-0.36542851,-0.11946489
303,perc_won,no dimorphic male_dispersal,yes,0.994550025,2.71887175
304,perc_won,dimorphic male_dispersal,yes,-0.679640055,0.69450592
305,strict,no dimorphic male_dispersal,no,0.31749513,1.3592516
306,strict,dimorphic male_dispersal,no,-0.45584316,0.50303598
307,strict,no dimorphic male_dispersal,yes,0.3364964,1.4085065
308,strict,dimorphic male_dispersal,yes,-0.427448195,0.61430027
309,relaxed,no dimorphic male_dispersal,no,0.074512349,1.1601022
310,relaxed,dimorphic male_dispersal,no,-1.01131685,0.103380235
311,relaxed,no dimorphic male_dispersal,yes,0.1096901,1.1838442
312,relaxed,dimorphic male_dispersal,yes,-0.96049392,0.15884099
313,perc_won,no dimorphic sexbias_dispersal,no,0.83000197,0.953079585
314,perc_won,dimorphic sexbias_dispersal,no,-0.33102925,-0.131872245
315,perc_won,no dimorphic sexbias_dispersal,yes,0.62290281,1.5401791
316,perc_won,dimorphic sexbias_dispersal,yes,0.1382278,1.23127055
317,strict,no dimorphic sexbias_dispersal,no,0.473193055,1.22905765
318,strict,dimorphic sexbias_dispersal,no,-0.42520771,0.21949271
319,strict,no dimorphic sexbias_dispersal,yes,0.479239765,1.26767985
320,strict,dimorphic sexbias_dispersal,yes,-0.331291265,0.330623185
321,relaxed,no dimorphic sexbias_dispersal,no,0.28928591,1.13493355
322,relaxed,dimorphic sexbias_dispersal,no,-0.76694322,0.035083124
323,relaxed,no dimorphic sexbias_dispersal,yes,0.310292725,1.1546566
324,relaxed,dimorphic sexbias_dispersal,yes,-0.804334665,0.069407651
325,perc_won,no dimorphic jointaggression_females,no,0.5584009,0.74210408
326,perc_won,dimorphic jointaggression_females,no,-0.477828035,-0.20286314
327,perc_won,no dimorphic jointaggression_females,yes,-1.3382392,0.27035402
328,perc_won,dimorphic jointaggression_females,yes,-1.27644125,0.191856215
329,strict,no dimorphic jointaggression_females,no,-0.0237528,0.90418561
330,strict,dimorphic jointaggression_females,no,-0.73096716,0.1540401
331,strict,no dimorphic jointaggression_females,yes,-0.07633995,0.827622955
332,strict,dimorphic jointaggression_females,yes,-0.74278134,0.129406375
333,relaxed,no dimorphic jointaggression_females,no,0.091328021,1.1184495
334,relaxed,dimorphic jointaggression_females,no,-0.49285497,0.486387325
335,relaxed,no dimorphic jointaggression_females,yes,0.083487648,1.12202585
336,relaxed,dimorphic jointaggression_females,yes,-0.71042419,0.375695055
337,perc_won,no dimorphic jointaggression_males,no,-2.68133365,-2.4088825
338,perc_won,dimorphic jointaggression_males,no,0.401776575,0.635585315
339,perc_won,no dimorphic jointaggression_males,yes,-1.67657465,0.29305182
340,perc_won,dimorphic jointaggression_males,yes,-0.212323645,1.08954055
341,strict,no dimorphic jointaggression_males,no,-0.921328835,0.12381544
342,strict,dimorphic jointaggression_males,no,-0.99878972,-0.11020885
343,strict,no dimorphic jointaggression_males,yes,-0.96411534,0.141278235
344,strict,dimorphic jointaggression_males,yes,-1.05095935,-0.13550826
345,relaxed,no dimorphic jointaggression_males,no,-0.861603985,0.249143625
346,relaxed,dimorphic jointaggression_males,no,-1.25432275,-0.242858245
347,relaxed,no dimorphic jointaggression_males,yes,-0.762418445,0.4762164
348,relaxed,dimorphic jointaggression_males,yes,-1.3850888,-0.247848655
349,perc_won,no dimorphic female_evictions,no,-0.43583748,1.0532145
350,perc_won,dimorphic female_evictions,no,-3.62101595,-2.2344967
351,perc_won,no dimorphic female_evictions,yes,-0.6921588,1.2705235
352,perc_won,dimorphic female_evictions,yes,-3.08881375,-0.666318525
353,strict,no dimorphic female_evictions,no,0.089760386,1.1926064
354,strict,dimorphic female_evictions,no,-1.4661491,-0.112097155
355,strict,no dimorphic female_evictions,yes,0.080240172,1.2597438
356,strict,dimorphic female_evictions,yes,-1.50261495,-0.113441235
357,relaxed,no dimorphic female_evictions,no,0.056859438,1.1927959
358,relaxed,dimorphic female_evictions,no,-1.3581599,0.15381347
359,relaxed,no dimorphic female_evictions,yes,0.020195171,1.23538645
360,relaxed,dimorphic female_evictions,yes,-1.2200815,0.16554489
361,perc_won,no dimorphic female_infanticide,no,0.521934115,0.814822305
362,perc_won,dimorphic female_infanticide,no,-1.3599198,-0.914126665
363,perc_won,no dimorphic female_infanticide,yes,-1.17678995,0.273208485
364,perc_won,dimorphic female_infanticide,yes,-1.13112205,0.29231089
365,strict,no dimorphic female_infanticide,no,0.014287849,1.1751669
366,strict,dimorphic female_infanticide,no,-1.08134215,-0.071413374
367,strict,no dimorphic female_infanticide,yes,0.058488459,1.17523475
368,strict,dimorphic female_infanticide,yes,-1.0752144,-0.036430181
369,relaxed,no dimorphic female_infanticide,no,-0.238215195,0.870071115
370,relaxed,dimorphic female_infanticide,no,-1.2868581,-0.081460606
371,relaxed,no dimorphic female_infanticide,yes,-0.24013721,0.946299225
372,relaxed,dimorphic female_infanticide,yes,-1.3585507,-0.123136545
373,perc_won,no dimorphic ovulation_signs,no,0.6333385,0.77081896
374,perc_won,dimorphic ovulation_signs,no,-0.79076575,-0.625221535
375,perc_won,no dimorphic ovulation_signs,yes,0.35402837,1.1196126
376,perc_won,dimorphic ovulation_signs,yes,-2.2724802,-1.09029455
377,strict,no dimorphic ovulation_signs,no,0.287883555,1.07586515
378,strict,dimorphic ovulation_signs,no,-0.585421375,0.023843869
379,strict,no dimorphic ovulation_signs,yes,0.32031906,1.17571665
380,strict,dimorphic ovulation_signs,yes,-0.720986265,-0.039379707
381,relaxed,no dimorphic ovulation_signs,no,0.27383059,1.20518905
382,relaxed,dimorphic ovulation_signs,no,-0.74520028,-0.040894156
383,relaxed,no dimorphic ovulation_signs,yes,0.19918255,1.2426442
384,relaxed,dimorphic ovulation_signs,yes,-0.996798885,-0.11216737
385,perc_won,no dimorphic Strata_Wilman,no,1.35474195,2.01301365
386,perc_won,dimorphic Strata_Wilman,no,-0.6861424,-0.54316456
387,perc_won,no dimorphic Strata_Wilman,yes,-0.260058725,2.11843095
388,perc_won,dimorphic Strata_Wilman,yes,-2.479034,-1.13507005
389,strict,no dimorphic Strata_Wilman,no,0.19198915,1.2704257
390,strict,dimorphic Strata_Wilman,no,-0.62666177,-0.12405768
391,strict,no dimorphic Strata_Wilman,yes,0.214764535,1.3009342
392,strict,dimorphic Strata_Wilman,yes,-0.677325515,-0.118337975
393,relaxed,no dimorphic Strata_Wilman,no,-0.078692323,1.1064674
394,relaxed,dimorphic Strata_Wilman,no,-1.013497,-0.28801108
395,relaxed,no dimorphic Strata_Wilman,yes,-0.117372255,1.08822885
396,relaxed,dimorphic Strata_Wilman,yes,-1.35189075,-0.57251024
397,perc_won,no dimorphic origin,no,-0.25576651,-0.166745325
398,perc_won,dimorphic origin,no,0.045940398,0.17696051
399,perc_won,no dimorphic origin,yes,-0.300403495,0.014923971
400,perc_won,dimorphic origin,yes,0.859236975,1.24359485
401,strict,no dimorphic origin,no,-0.2202078,0.359574895
402,strict,dimorphic origin,no,-0.24765417,0.215192825
403,strict,no dimorphic origin,yes,-0.233988535,0.372422135
404,strict,dimorphic origin,yes,-0.25925785,0.219202435
405,relaxed,no dimorphic origin,no,-0.248945645,0.38682418
406,relaxed,dimorphic origin,no,-0.95278521,-0.27096684
407,relaxed,no dimorphic origin,yes,-0.211069195,0.46344054
408,relaxed,dimorphic origin,yes,-0.9786523,-0.26384661
409,perc_won,no dimorphic between_groupconflict,no,-0.73863774,-0.51584025
410,perc_won,dimorphic between_groupconflict,no,-0.26155886,0.28271701
411,perc_won,no dimorphic between_groupconflict,yes,-0.1660364,0.88445596
412,perc_won,dimorphic between_groupconflict,yes,-1.1785365,0.001056279
413,strict,no dimorphic between_groupconflict,no,-0.32025277,0.652345475
414,strict,dimorphic between_groupconflict,no,-0.626469155,0.280013585
415,strict,no dimorphic between_groupconflict,yes,-0.37948894,0.64543173
416,strict,dimorphic between_groupconflict,yes,-0.704040565,0.27877156
417,relaxed,no dimorphic between_groupconflict,no,-0.46983539,0.54209052
418,relaxed,dimorphic between_groupconflict,no,-1.30636365,-0.211791695
419,relaxed,no dimorphic between_groupconflict,yes,-0.45977912,0.670200195
420,relaxed,dimorphic between_groupconflict,yes,-1.3508807,-0.21014765